3,1,5,"The perfect summer dress! It's so light and airy, and I love the vintage floral design."
3,2,4,"Really cool graphic designs, and the cotton is super soft. Great for everyday wear."
1,3,5,This necklace is a work of art. The beadwork is intricate and vibrant.
2,4,4,"Simple, elegant, and versatile. Perfect for any occasion."
6,5,5,Adds such a cozy touch to my living room. Love the fabric and design.
2,6,4,Love the hand-painted design! A lovely home for my indoor plants.
6,7,5,High-quality leather and very practical design. Looks great.
1,8,4,"The silk is top-notch, and the design is timeless. A classy addition to any outfit."
2,9,5,"The yarn is lovely and soft, and the colors are beautiful. Perfect for knitting!"
1,10,4,This kit has everything! A great variety for my scrapbooking projects.
4,11,5,"The sound quality is amazing, and they are comfortable to wear. Impressive battery life."
5,12,4,Very handy for charging on the go. Compact and powerful.
4,13,5,The colors are incredibly vibrant. Great for all types of painting projects.
3,14,4,Everything you need to start painting. Good quality canvas and paints.
2,15,5,Extremely comfortable for long hours of coding. Great support.
3,16,4,Sleek design and very functional. The USB ports are a convenient addition.
4,1,4,Lovely dress for warm weather. The floral pattern is really pretty and the fit is flattering.
5,2,5,This tee is my new favorite! Super comfortable and the graphics are very eye-catching.
6,3,4,"Gorgeous necklace, the beads are vibrant and it feels very well made. A great accessory."
1,4,5,"These earrings are perfect for everyday wear. Simple yet stylish, and they go with everything."
3,5,4,This pillow is a great addition to my couch. It's soft and the color is just as pictured.
4,6,5,I'm impressed with the quality of this pot. It's the perfect size for my succulents.
5,7,4,Really solid wallet with enough space for all my cards and cash. The leather feels premium.
6,8,5,"Elegant and luxurious scarf, it's become a staple in my wardrobe. The silk quality is superb."
1,9,4,The wool is soft and the color variety in the bundle is fantastic. Great for my crochet projects.
2,10,5,I love this scrapbooking kit! It has everything I need and the paper quality is excellent.
3,11,4,These earbuds are great for the price. Sound is clear and they stay in my ears well during workouts.
4,12,5,So convenient for travel. Charges my phone quickly and holds enough power for multiple charges.
5,13,4,Vibrant paint colors and a good selection. They blend well and the finish is smooth.
6,14,5,A great set for getting started with painting. The brushes are good quality and the paints cover well.
1,15,4,"Super comfortable chair, especially for the lower back. The adjustments are easy and useful."
2,16,5,This lamp is not only stylish but also very practical with its USB ports. Great for my workspace.